V,x_axis,metric,run,size,seed,x,y,y_hat,residual_linear,residual_log
512,params,best_val_gauss_nll,runs\sweep_gpu_census200k_60k_tinyL\L_V512_B4x8_S60000_seed7,L,7,100510801.0,1.610932750962496,1.6055057837290052,0.005426967233490787,0.32773799864580555
512,params,best_val_gauss_nll,runs\sweep_gpu_census200k_60k_tinyL\L_V512_B4x8_S60000_seed8,L,8,100510801.0,1.6136703308272744,1.6055057837290052,0.008164547098269193,0.45961229453633834
512,params,best_val_gauss_nll,runs\sweep_gpu_census200k_60k_tinyL\L_V512_B4x8_S60000_seed9,L,9,100510801.0,1.616707535322823,1.6055057837290052,0.011201751593817866,0.588068041551709
512,params,best_val_gauss_nll,runs\sweep_gpu_census200k_60k_seeds\M_V512_B4x8_S60000_seed7,M,7,19178497.0,1.6093130928242123,1.6104316909847876,-0.001118598160575246,-0.06094489073000542
512,params,best_val_gauss_nll,runs\sweep_gpu_census200k_60k_seeds\M_V512_B4x8_S60000_seed8,M,8,19178497.0,1.6092339915796376,1.6104316909847876,-0.0011976994051499101,-0.06539852426882842
512,params,best_val_gauss_nll,runs\sweep_gpu_census200k_60k_seeds\M_V512_B4x8_S60000_seed9,M,9,19178497.0,1.607588338004407,1.6104316909847876,-0.0028433529803806312,-0.16285897903816426
512,params,best_val_gauss_nll,runs\sweep_gpu_census200k_60k_seeds\S_V512_B4x8_S60000_seed7,S,7,859137.0,1.6176053964909223,1.6248147486586482,-0.007209352167725891,-0.24396143334389064
512,params,best_val_gauss_nll,runs\sweep_gpu_census200k_60k_seeds\S_V512_B4x8_S60000_seed8,S,8,859137.0,1.6124202072385516,1.6248147486586482,-0.01239454142009655,-0.46550625586404815
512,params,best_val_gauss_nll,runs\sweep_gpu_census200k_60k_seeds\S_V512_B4x8_S60000_seed9,S,9,859137.0,1.6170826525581872,1.6248147486586482,-0.0077320961004609945,-0.264198754397607
512,params,best_val_gauss_nll,runs\sweep_gpu_census200k_60k_tinyL\TINY_V512_B4x8_S60000_seed7,TINY,7,9953.0,1.6563237170327862,1.6664994700882865,-0.010175753055500225,-0.1458355805449587
512,params,best_val_gauss_nll,runs\sweep_gpu_census200k_60k_tinyL\TINY_V512_B4x8_S60000_seed8,TINY,8,9953.0,1.6550368625332643,1.6664994700882865,-0.011462607555022153,-0.16589076283734228
512,params,best_val_gauss_nll,runs\sweep_gpu_census200k_60k_tinyL\TINY_V512_B4x8_S60000_seed9,TINY,9,9953.0,1.650386678956068,1.6664994700882865,-0.01611279113221853,-0.24191159398363382
512,params,best_val_gauss_nll,runs\sweep_gpu_census200k_60k_seeds\XS_V512_B4x8_S60000_seed7,XS,7,132993.0,1.6305860986503737,1.6382854667795437,-0.007699368129169937,-0.17985819936262493
512,params,best_val_gauss_nll,runs\sweep_gpu_census200k_60k_seeds\XS_V512_B4x8_S60000_seed8,XS,8,132993.0,1.6239929578085424,1.6382854667795437,-0.014292508971001316,-0.3646663659412783
512,params,best_val_gauss_nll,runs\sweep_gpu_census200k_60k_seeds\XS_V512_B4x8_S60000_seed9,XS,9,132993.0,1.624923766216901,1.6382854667795437,-0.013361700562642742,-0.3364118601564674
512,params,best_val_gauss_nll,runs\sweep_gpu_census200k_60k_xxs\XXS_V512_B4x8_S60000_seed7,XXS,7,533.0,1.7889285365985723,1.7192861306702132,0.06964240592835913,0.43505304965348457
512,params,best_val_gauss_nll,runs\sweep_gpu_census200k_60k_xxs\XXS_V512_B4x8_S60000_seed8,XXS,8,533.0,1.7832841064252671,1.7192861306702132,0.06399797575505395,0.4060448077011243
512,params,best_val_gauss_nll,runs\sweep_gpu_census200k_60k_xxs\XXS_V512_B4x8_S60000_seed9,XXS,9,533.0,1.7981957301059746,1.7192861306702132,0.07890959943576137,0.48092700838041313
1024,params,best_val_gauss_nll,runs\sweep_gpu_scaling_L\L_V1024_B4x8_S20000_seed7,L,7,101033041.0,1.51265576452413,1.51384524027375,-0.001189475749619806,-0.0007860402550524115
1024,params,best_val_gauss_nll,runs\sweep_gpu_census50k\M_V1024_B4x8_S30000_seed7,M,7,19440641.0,1.4673643254506321,1.5212369345243764,-0.05387260907374425,-0.03605596103655717
1024,params,best_val_gauss_nll,runs\sweep_gpu_long_M\M_V1024_B4x8_S40000_seed7,M,7,19440641.0,1.4954205019552078,1.5212369345243764,-0.025816432569168546,-0.017116337134221504
1024,params,best_val_gauss_nll,runs\sweep_smoke\S_V1024_B4x4_S30_seed1,S,1,924673.0,1.7414486557770448,1.5349920100060817,0.20645664577096312,0.12619215181350324
1024,params,best_val_gauss_nll,runs\sweep_gpu_census50k\S_V1024_B4x8_S30000_seed7,S,7,924673.0,1.4793950969533625,1.5349920100060817,-0.05559691305271919,-0.03689188986466024
1024,params,best_val_gauss_nll,runs\sweep_gpu_long_S\S_V1024_B4x8_S60000_seed7,S,7,924673.0,1.4845407621407243,1.5349920100060817,-0.050451247865357374,-0.03341970247485054
1024,params,best_val_gauss_nll,runs\sweep_gpu_scaling\S_V1024_B8x8_S400_seed7,S,7,924673.0,1.6500972176545081,1.5349920100060817,0.11510520764842647,0.07230903014954865
1024,params,best_val_gauss_nll,runs\sweep_gpu_scaling_XL\XL_V1024_B2x16_S20000_seed7,XL,7,341557249.0,1.5339363176509742,1.5084052635028216,0.0255310541481526,0.016784212309234325
1024,params,best_val_gauss_nll,runs\sweep_smoke\XS_V1024_B4x4_S30_seed1,XS,1,165761.0,1.7322418186428803,1.5428098041540754,0.18943201448880487,0.11581111643720948
1024,params,best_val_gauss_nll,runs\sweep_20250821_212937\XS_seed1,XS,1,165761.0,1.4647364013280293,1.5428098041540754,-0.07807340282604613,-0.05193000666598813
1024,params,best_val_gauss_nll,runs\sweep_gpu_scaling_XSSM\XS_V1024_B4x8_S20000_seed7,XS,7,165761.0,1.5048888354261707,1.5428098041540754,-0.037920968727904736,-0.024886270142823963
1024,params,best_val_gauss_nll,runs\sweep_gpu_census50k\XS_V1024_B4x8_S30000_seed7,XS,7,165761.0,1.4933667509347646,1.5428098041540754,-0.04944305321931086,-0.03257216674490965
1024,params,best_val_gauss_nll,runs\sweep_gpu_scaling\XS_V1024_B8x8_S400_seed7,XS,7,165761.0,1.639220353574948,1.5428098041540754,0.09641054942087268,0.060615432527445334
1024,params,best_val_gauss_nll,runs\bench_cpu_xs_300,XS,7,165761.0,1.508014581305428,1.5428098041540754,-0.034795222848647445,-0.0228113632717159
1024,params,best_val_gauss_nll,runs\demo_xs,XS,7,165761.0,1.477686894622551,1.5428098041540754,-0.06512290953152444,-0.0431273459905977
1024,params,best_val_gauss_nll,runs\smoke_xs,XS,7,165761.0,1.6309778334835703,1.5428098041540754,0.08816802932949486,0.05557443068315765
1024,params,best_val_gauss_nll,runs\cpu_parallel_xs_D10kV1024_S3000_seed11,XS,11,165761.0,1.457763116868472,1.5428098041540754,-0.0850466872856035,-0.05670215300846382
1024,params,best_val_gauss_nll,runs\cpu_seq_small_D10kV1024\XS_B32_S3000_seed12,XS,12,165761.0,1.456478668207469,1.5428098041540754,-0.08633113594660635,-0.05758365072821564
1024,params,best_val_gauss_nll,runs\cpu_seq_small_D10kV1024\XS_B32_S3000_seed13,XS,13,165761.0,1.4658438535388936,1.5428098041540754,-0.07696595061518186,-0.05117421623046492
1024,params,best_val_gauss_nll,runs\cpu_seq_small_D10kV1024\XXS_B64_S3000_seed21,XXS,21,1045.0,1.5941648232910155,1.5660855844592376,0.028079238831777875,0.017770729628423854
512,params,best_val_mse,runs\sweep_gpu_census200k_60k_tinyL\L_V512_B4x8_S60000_seed7,L,7,100510801.0,1.468128463435173,1.4596424254884892,0.008486037946683789,0.42802763616969175
512,params,best_val_mse,runs\sweep_gpu_census200k_60k_tinyL\L_V512_B4x8_S60000_seed8,L,8,100510801.0,1.4761887468099595,1.4596424254884892,0.01654632132147027,0.7137603056488016
512,params,best_val_mse,runs\sweep_gpu_census200k_60k_tinyL\L_V512_B4x8_S60000_seed9,L,9,100510801.0,1.4851830107688904,1.4596424254884892,0.02554058528040115,0.9585366083380791
512,params,best_val_mse,runs\sweep_gpu_census200k_60k_seeds\M_V512_B4x8_S60000_seed7,M,7,19178497.0,1.4633804253578186,1.4684548774844137,-0.005074452126595075,-0.23000129598572583
512,params,best_val_mse,runs\sweep_gpu_census200k_60k_seeds\M_V512_B4x8_S60000_seed8,M,8,19178497.0,1.4631489332437515,1.4684548774844137,-0.005305944240662219,-0.24186861796814307
512,params,best_val_mse,runs\sweep_gpu_census200k_60k_seeds\M_V512_B4x8_S60000_seed9,M,9,19178497.0,1.4583411769390107,1.4684548774844137,-0.01011370054540306,-0.5268016238736108
512,params,best_val_mse,runs\sweep_gpu_census200k_60k_seeds\S_V512_B4x8_S60000_seed7,S,7,859137.0,1.4878523830831052,1.5002504636532734,-0.012398080570168224,-0.24777366719675653
512,params,best_val_mse,runs\sweep_gpu_census200k_60k_seeds\S_V512_B4x8_S60000_seed8,S,8,859137.0,1.4725025202214719,1.5002504636532734,-0.027747943431801536,-0.6756560818022495
512,params,best_val_mse,runs\sweep_gpu_census200k_60k_seeds\S_V512_B4x8_S60000_seed9,S,9,859137.0,1.4862976643323897,1.5002504636532734,-0.013952799320883669,-0.28366896006407405
512,params,best_val_mse,runs\sweep_gpu_census200k_60k_tinyL\TINY_V512_B4x8_S60000_seed7,TINY,7,9953.0,1.6076449878096581,1.6290370953025612,-0.0213921074929031,-0.12268605450320202
512,params,best_val_mse,runs\sweep_gpu_census200k_60k_tinyL\TINY_V512_B4x8_S60000_seed8,TINY,8,9953.0,1.6035126973748206,1.6290370953025612,-0.02552439792774064,-0.14822361164209585
512,params,best_val_mse,runs\sweep_gpu_census200k_60k_tinyL\TINY_V512_B4x8_S60000_seed9,TINY,9,9953.0,1.5886685754418373,1.6290370953025612,-0.040368519860723984,-0.24574612735000212
512,params,best_val_mse,runs\sweep_gpu_census200k_60k_seeds\XS_V512_B4x8_S60000_seed7,XS,7,132993.0,1.526984889882803,1.5366248329120906,-0.009639943029287723,-0.10959577862112546
512,params,best_val_mse,runs\sweep_gpu_census200k_60k_seeds\XS_V512_B4x8_S60000_seed8,XS,8,132993.0,1.5069818099617958,1.5366248329120906,-0.02964302295029486,-0.38448440713286036
512,params,best_val_mse,runs\sweep_gpu_census200k_60k_seeds\XS_V512_B4x8_S60000_seed9,XS,9,132993.0,1.509789845573902,1.5366248329120906,-0.026834987338188565,-0.3410284008373994
512,params,best_val_mse,runs\sweep_gpu_census200k_60k_xxs\XXS_V512_B4x8_S60000_seed7,XXS,7,533.0,2.095893610429764,1.8478850236486455,0.24800858678111837,0.47852306725499183
512,params,best_val_mse,runs\sweep_gpu_census200k_60k_xxs\XXS_V512_B4x8_S60000_seed8,XXS,8,533.0,2.0723664076685906,1.8478850236486455,0.2244813840199451,0.441779048478725
512,params,best_val_mse,runs\sweep_gpu_census200k_60k_xxs\XXS_V512_B4x8_S60000_seed9,XXS,9,533.0,2.1351019425392153,1.8478850236486455,0.2872169188905698,0.5369079610869627
1024,params,best_val_mse,runs\sweep_gpu_scaling_L\L_V1024_B4x8_S20000_seed7,L,7,101033041.0,1.2061511988639833,1.2125545955900265,-0.006403396726043287,-0.005294907467631921
1024,params,best_val_mse,runs\sweep_gpu_census50k\M_V1024_B4x8_S30000_seed7,M,7,19440641.0,1.1016968525886535,1.2315126241295815,-0.12981577154092805,-0.11139160505273833
1024,params,best_val_mse,runs\sweep_gpu_long_M\M_V1024_B4x8_S40000_seed7,M,7,19440641.0,1.1652829551696777,1.2315126241295815,-0.06622966895990379,-0.055279252043586496
1024,params,best_val_mse,runs\sweep_smoke\S_V1024_B4x4_S30_seed1,S,1,924673.0,1.906025616645813,1.2673308165107866,0.6386948001350263,0.4081072756685358
1024,params,best_val_mse,runs\sweep_gpu_census50k\S_V1024_B4x8_S30000_seed7,S,7,924673.0,1.1285268701553344,1.2673308165107866,-0.13880394635545223,-0.11599984197882905
1024,params,best_val_mse,runs\sweep_gpu_long_S\S_V1024_B4x8_S60000_seed7,S,7,924673.0,1.1402008805274964,1.2673308165107866,-0.12712993598329025,-0.10570851160410513
1024,params,best_val_mse,runs\sweep_gpu_scaling\S_V1024_B8x8_S400_seed7,S,7,924673.0,1.5877491254655143,1.2673308165107866,0.32041830895472767,0.22540439942346244
1024,params,best_val_mse,runs\sweep_gpu_scaling_XL\XL_V1024_B2x16_S20000_seed7,XL,7,341557249.0,1.2585944329500198,1.1987308649483253,0.05986356800169457,0.04873218430849793
1024,params,best_val_mse,runs\sweep_smoke\XS_V1024_B4x4_S30_seed1,XS,1,165761.0,1.8712498393058776,1.2880035119143358,0.5832463273915418,0.37351321655640524
1024,params,best_val_mse,runs\sweep_20250821_212937\XS_seed1,XS,1,165761.0,1.0959216910998026,1.2880035119143358,-0.19208182081453318,-0.16149761807329663
1024,params,best_val_mse,runs\sweep_gpu_scaling_XSSM\XS_V1024_B4x8_S20000_seed7,XS,7,165761.0,1.1875597891807557,1.2880035119143358,-0.10044372273358015,-0.08119274987701369
1024,params,best_val_mse,runs\sweep_gpu_census50k\XS_V1024_B4x8_S30000_seed7,XS,7,165761.0,1.1605063696861266,1.2880035119143358,-0.12749714222820918,-0.1042369188598257
1024,params,best_val_mse,runs\sweep_gpu_scaling\XS_V1024_B8x8_S400_seed7,XS,7,165761.0,1.5535826342446464,1.2880035119143358,0.26557912233031056,0.18747028642054103
1024,params,best_val_mse,runs\bench_cpu_xs_300,XS,7,165761.0,1.195007063448429,1.2880035119143358,-0.09299644846590671,-0.07494125811849908
1024,params,best_val_mse,runs\demo_xs,XS,7,165761.0,1.1246779441833497,1.2880035119143358,-0.16332556773098617,-0.1355966314842529
1024,params,best_val_mse,runs\smoke_xs,XS,7,165761.0,1.5281817049980164,1.2880035119143358,0.2401781930836806,0.17098524623778555
1024,params,best_val_mse,runs\cpu_parallel_xs_D10kV1024_S3000_seed11,XS,11,165761.0,1.080743432044983,1.2880035119143358,-0.2072600798693529,-0.17544418699241124
1024,params,best_val_mse,runs\cpu_seq_small_D10kV1024\XS_B32_S3000_seed12,XS,12,165761.0,1.077970676124096,1.2880035119143358,-0.2100328357902399,-0.17801308431441668
1024,params,best_val_mse,runs\cpu_seq_small_D10kV1024\XS_B32_S3000_seed13,XS,13,165761.0,1.0983517430722713,1.2880035119143358,-0.18965176884206447,-0.159282713651568
1024,params,best_val_mse,runs\cpu_seq_small_D10kV1024\XXS_B64_S3000_seed21,XXS,21,1045.0,1.41970993578434,1.3509200911073733,0.06878984467696658,0.04966667090294624
512,tokens_seen,best_val_gauss_nll,runs\sweep_gpu_census200k_60k_tinyL\L_V512_B4x8_S60000_seed7,L,7,983040000.0,1.610932750962496,1.6475972844545237,-0.036664533492027696,-0.08294566164345907
512,tokens_seen,best_val_gauss_nll,runs\sweep_gpu_census200k_60k_tinyL\L_V512_B4x8_S60000_seed8,L,8,983040000.0,1.6136703308272744,1.6475972844545237,-0.03392695362724929,-0.07650913164578144
512,tokens_seen,best_val_gauss_nll,runs\sweep_gpu_census200k_60k_tinyL\L_V512_B4x8_S60000_seed9,L,9,983040000.0,1.616707535322823,1.6475972844545237,-0.030889749131700617,-0.06941627790164573
512,tokens_seen,best_val_gauss_nll,runs\sweep_gpu_census200k_60k_seeds\M_V512_B4x8_S60000_seed7,M,7,983040000.0,1.6093130928242123,1.6475972844545237,-0.03828419163031138,-0.08677335986761758
512,tokens_seen,best_val_gauss_nll,runs\sweep_gpu_census200k_60k_seeds\M_V512_B4x8_S60000_seed8,M,8,983040000.0,1.6092339915796376,1.6475972844545237,-0.038363292874886046,-0.08696067366274329
512,tokens_seen,best_val_gauss_nll,runs\sweep_gpu_census200k_60k_seeds\M_V512_B4x8_S60000_seed9,M,9,983040000.0,1.607588338004407,1.6475972844545237,-0.04000894645011677,-0.09086560325800608
512,tokens_seen,best_val_gauss_nll,runs\sweep_gpu_census200k_60k_seeds\S_V512_B4x8_S60000_seed7,S,7,983040000.0,1.6176053964909223,1.6475972844545237,-0.029991887963601416,-0.06732908029348905
512,tokens_seen,best_val_gauss_nll,runs\sweep_gpu_census200k_60k_seeds\S_V512_B4x8_S60000_seed8,S,8,983040000.0,1.6124202072385516,1.6475972844545237,-0.035177077215972075,-0.07944325254734597
512,tokens_seen,best_val_gauss_nll,runs\sweep_gpu_census200k_60k_seeds\S_V512_B4x8_S60000_seed9,S,9,983040000.0,1.6170826525581872,1.6475972844545237,-0.03051463189633652,-0.06854373814777748
512,tokens_seen,best_val_gauss_nll,runs\sweep_gpu_census200k_60k_tinyL\TINY_V512_B4x8_S60000_seed7,TINY,7,983040000.0,1.6563237170327862,1.6475972844545237,0.008726432578262555,0.018767894274596353
512,tokens_seen,best_val_gauss_nll,runs\sweep_gpu_census200k_60k_tinyL\TINY_V512_B4x8_S60000_seed8,TINY,8,983040000.0,1.6550368625332643,1.6475972844545237,0.007439578078740627,0.016022306743758707
512,tokens_seen,best_val_gauss_nll,runs\sweep_gpu_census200k_60k_tinyL\TINY_V512_B4x8_S60000_seed9,TINY,9,983040000.0,1.650386678956068,1.6475972844545237,0.002789394501544251,0.006037523445956983
512,tokens_seen,best_val_gauss_nll,runs\sweep_gpu_census200k_60k_seeds\XS_V512_B4x8_S60000_seed7,XS,7,983040000.0,1.6305860986503737,1.6475972844545237,-0.017011185804149953,-0.0376305808347186
512,tokens_seen,best_val_gauss_nll,runs\sweep_gpu_census200k_60k_seeds\XS_V512_B4x8_S60000_seed8,XS,8,983040000.0,1.6239929578085424,1.6475972844545237,-0.023604326645981333,-0.0526047671850326
512,tokens_seen,best_val_gauss_nll,runs\sweep_gpu_census200k_60k_seeds\XS_V512_B4x8_S60000_seed9,XS,9,983040000.0,1.624923766216901,1.6475972844545237,-0.02267351823762276,-0.050477094888881635
512,tokens_seen,best_val_gauss_nll,runs\sweep_gpu_census200k_60k_xxs\XXS_V512_B4x8_S60000_seed7,XXS,7,983040000.0,1.7889285365985723,1.6475972844545237,0.14133125214404862,0.26760488041821007
512,tokens_seen,best_val_gauss_nll,runs\sweep_gpu_census200k_60k_xxs\XXS_V512_B4x8_S60000_seed8,XXS,8,983040000.0,1.7832841064252671,1.6475972844545237,0.13568682197074344,0.25818369521941753
512,tokens_seen,best_val_gauss_nll,runs\sweep_gpu_census200k_60k_xxs\XXS_V512_B4x8_S60000_seed9,XXS,9,983040000.0,1.7981957301059746,1.6475972844545237,0.15059844565145086,0.28288292177456215
1024,tokens_seen,best_val_gauss_nll,runs\sweep_gpu_scaling_L\L_V1024_B4x8_S20000_seed7,L,7,655360000.0,1.51265576452413,1.492636060409935,0.02001970411419518,0.013323165546356264
1024,tokens_seen,best_val_gauss_nll,runs\sweep_gpu_census50k\M_V1024_B4x8_S30000_seed7,M,7,983040000.0,1.4673643254506321,1.4833905665303462,-0.016026241079714065,-0.010862575341907321
1024,tokens_seen,best_val_gauss_nll,runs\sweep_gpu_long_M\M_V1024_B4x8_S40000_seed7,M,7,1310720000.0,1.4954205019552078,1.476865535325028,0.01855496663017986,0.012485479147670286
1024,tokens_seen,best_val_gauss_nll,runs\sweep_smoke\S_V1024_B4x4_S30_seed1,S,1,491520.0,1.7414486557770448,1.666634576481831,0.07481407929521366,0.0439109581616256
1024,tokens_seen,best_val_gauss_nll,runs\sweep_gpu_census50k\S_V1024_B4x8_S30000_seed7,S,7,983040000.0,1.4793950969533625,1.4833905665303462,-0.003995469576983712,-0.0026971049902617117
1024,tokens_seen,best_val_gauss_nll,runs\sweep_gpu_long_S\S_V1024_B4x8_S60000_seed7,S,7,1966080000.0,1.4845407621407243,1.4677177251990465,0.01682303694167775,0.011396846926613524
1024,tokens_seen,best_val_gauss_nll,runs\sweep_gpu_scaling\S_V1024_B8x8_S400_seed7,S,7,26214400.0,1.6500972176545081,1.5681078035495273,0.08198941410498084,0.05096453413878088
1024,tokens_seen,best_val_gauss_nll,runs\sweep_gpu_scaling_XL\XL_V1024_B2x16_S20000_seed7,XL,7,655360000.0,1.5339363176509742,1.492636060409935,0.04130025724103925,0.02729346328283716
1024,tokens_seen,best_val_gauss_nll,runs\sweep_smoke\XS_V1024_B4x4_S30_seed1,XS,1,491520.0,1.7322418186428803,1.666634576481831,0.06560724216104918,0.038610049078897424
1024,tokens_seen,best_val_gauss_nll,runs\sweep_20250821_212937\XS_seed1,XS,1,61440000.0,1.4647364013280293,1.5477735037442688,-0.08303710241623952,-0.05514215360628599
1024,tokens_seen,best_val_gauss_nll,runs\sweep_gpu_scaling_XSSM\XS_V1024_B4x8_S20000_seed7,XS,7,655360000.0,1.5048888354261707,1.492636060409935,0.012252775016235784,0.008175307085316552
1024,tokens_seen,best_val_gauss_nll,runs\sweep_gpu_census50k\XS_V1024_B4x8_S30000_seed7,XS,7,983040000.0,1.4933667509347646,1.4833905665303462,0.009976184404418387,0.006702744423054463
1024,tokens_seen,best_val_gauss_nll,runs\sweep_gpu_scaling\XS_V1024_B8x8_S400_seed7,XS,7,26214400.0,1.639220353574948,1.5681078035495273,0.07111255002542083,0.04435106281024315
1024,tokens_seen,best_val_gauss_nll,runs\bench_cpu_xs_300,XS,7,9830400.0,1.508014581305428,1.5918547836204613,-0.08384020231503331,-0.05410592810322551
1024,tokens_seen,best_val_gauss_nll,runs\demo_xs,XS,7,1966080000.0,1.477686894622551,1.4677177251990465,0.009969169423504454,0.006769329704431948
1024,tokens_seen,best_val_gauss_nll,runs\smoke_xs,XS,7,204800.0,1.6309778334835703,1.6891442225916693,-0.058166389108099015,-0.035042290723502956
1024,tokens_seen,best_val_gauss_nll,runs\cpu_parallel_xs_D10kV1024_S3000_seed11,XS,11,98304000.0,1.457763116868472,1.5366659914596918,-0.07890287459121992,-0.05271197984023657
1024,tokens_seen,best_val_gauss_nll,runs\cpu_seq_small_D10kV1024\XS_B32_S3000_seed12,XS,12,98304000.0,1.456478668207469,1.5366659914596918,-0.08018732325222278,-0.05359347755998839
1024,tokens_seen,best_val_gauss_nll,runs\cpu_seq_small_D10kV1024\XS_B32_S3000_seed13,XS,13,98304000.0,1.4658438535388936,1.5366659914596918,-0.07082213792079828,-0.04718404306223767
1024,tokens_seen,best_val_gauss_nll,runs\cpu_seq_small_D10kV1024\XXS_B64_S3000_seed21,XXS,21,196608000.0,1.5941648232910155,1.520430265814163,0.07373455747685242,0.04735661292181875
512,tokens_seen,best_val_mse,runs\sweep_gpu_census200k_60k_tinyL\L_V512_B4x8_S60000_seed7,L,7,983040000.0,1.468128463435173,1.556735132780716,-0.08860666934554295,-0.37721491213215375
512,tokens_seen,best_val_mse,runs\sweep_gpu_census200k_60k_tinyL\L_V512_B4x8_S60000_seed8,L,8,983040000.0,1.4761887468099595,1.556735132780716,-0.08054638597075647,-0.33637753650186264
512,tokens_seen,best_val_mse,runs\sweep_gpu_census200k_60k_tinyL\L_V512_B4x8_S60000_seed9,L,9,983040000.0,1.4851830107688904,1.556735132780716,-0.07155212201182559,-0.2926942443833003
512,tokens_seen,best_val_mse,runs\sweep_gpu_census200k_60k_seeds\M_V512_B4x8_S60000_seed7,M,7,983040000.0,1.4633804253578186,1.556735132780716,-0.09335470742289731,-0.4020752356137691
512,tokens_seen,best_val_mse,runs\sweep_gpu_census200k_60k_seeds\M_V512_B4x8_S60000_seed8,M,8,983040000.0,1.4631489332437515,1.556735132780716,-0.09358619953696445,-0.4033032542316881
512,tokens_seen,best_val_mse,runs\sweep_gpu_census200k_60k_seeds\M_V512_B4x8_S60000_seed9,M,9,983040000.0,1.4583411769390107,1.556735132780716,-0.0983939558417053,-0.4291543698394382
512,tokens_seen,best_val_mse,runs\sweep_gpu_census200k_60k_seeds\S_V512_B4x8_S60000_seed7,S,7,983040000.0,1.4878523830831052,1.556735132780716,-0.06888274969761077,-0.2800885278921781
512,tokens_seen,best_val_mse,runs\sweep_gpu_census200k_60k_seeds\S_V512_B4x8_S60000_seed8,S,8,983040000.0,1.4725025202214719,1.556735132780716,-0.08423261255924408,-0.3548470916705704
512,tokens_seen,best_val_mse,runs\sweep_gpu_census200k_60k_seeds\S_V512_B4x8_S60000_seed9,S,9,983040000.0,1.4862976643323897,1.556735132780716,-0.07043746844832621,-0.28741112111848155
512,tokens_seen,best_val_mse,runs\sweep_gpu_census200k_60k_tinyL\TINY_V512_B4x8_S60000_seed7,TINY,7,983040000.0,1.6076449878096581,1.556735132780716,0.050909855028942186,0.16597600438278004
512,tokens_seen,best_val_mse,runs\sweep_gpu_census200k_60k_tinyL\TINY_V512_B4x8_S60000_seed8,TINY,8,983040000.0,1.6035126973748206,1.556735132780716,0.04677756459410465,0.1534848946923748
512,tokens_seen,best_val_mse,runs\sweep_gpu_census200k_60k_tinyL\TINY_V512_B4x8_S60000_seed9,TINY,9,983040000.0,1.5886685754418373,1.556735132780716,0.0319334426611213,0.10728146125830085
512,tokens_seen,best_val_mse,runs\sweep_gpu_census200k_60k_seeds\XS_V512_B4x8_S60000_seed7,XS,7,983040000.0,1.526984889882803,1.556735132780716,-0.02975024289791306,-0.11149611092066758
512,tokens_seen,best_val_mse,runs\sweep_gpu_census200k_60k_seeds\XS_V512_B4x8_S60000_seed8,XS,8,983040000.0,1.5069818099617958,1.556735132780716,-0.0497533228189202,-0.19412286912794352
512,tokens_seen,best_val_mse,runs\sweep_gpu_census200k_60k_seeds\XS_V512_B4x8_S60000_seed9,XS,9,983040000.0,1.509789845573902,1.556735132780716,-0.0469452872068139,-0.18210355770180775
512,tokens_seen,best_val_mse,runs\sweep_gpu_census200k_60k_xxs\XXS_V512_B4x8_S60000_seed7,XXS,7,983040000.0,2.095893610429764,1.556735132780716,0.5391584776490479,1.068857684392932
512,tokens_seen,best_val_mse,runs\sweep_gpu_census200k_60k_xxs\XXS_V512_B4x8_S60000_seed8,XXS,8,983040000.0,2.0723664076685906,1.556735132780716,0.5156312748878746,1.0397872423680892
512,tokens_seen,best_val_mse,runs\sweep_gpu_census200k_60k_xxs\XXS_V512_B4x8_S60000_seed9,XXS,9,983040000.0,2.1351019425392153,1.556735132780716,0.5783668097584993,1.1155015440393883
1024,tokens_seen,best_val_mse,runs\sweep_gpu_scaling_L\L_V1024_B4x8_S20000_seed7,L,7,655360000.0,1.2061511988639833,1.1591296198598084,0.04702157900417481,0.03976506686442591
1024,tokens_seen,best_val_mse,runs\sweep_gpu_census50k\M_V1024_B4x8_S30000_seed7,M,7,983040000.0,1.1016968525886535,1.136386983867439,-0.03469013127878551,-0.03100233261025058
1024,tokens_seen,best_val_mse,runs\sweep_gpu_long_M\M_V1024_B4x8_S40000_seed7,M,7,1310720000.0,1.1652829551696777,1.1205219586332447,0.04476099653643306,0.03916932626044621
1024,tokens_seen,best_val_mse,runs\sweep_smoke\S_V1024_B4x4_S30_seed1,S,1,491520.0,1.906025616645813,1.6475963973785004,0.25842921926731255,0.14570274815480638
1024,tokens_seen,best_val_mse,runs\sweep_gpu_census50k\S_V1024_B4x8_S30000_seed7,S,7,983040000.0,1.1285268701553344,1.136386983867439,-0.0078601137121046,-0.006940789604789763
1024,tokens_seen,best_val_mse,runs\sweep_gpu_long_S\S_V1024_B4x8_S60000_seed7,S,7,1966080000.0,1.1402008805274964,1.0985368220358944,0.04166405849160193,0.03722532530379877
1024,tokens_seen,best_val_mse,runs\sweep_gpu_scaling\S_V1024_B8x8_S400_seed7,S,7,26214400.0,1.5877491254655143,1.3565965462086733,0.23115257925684096,0.1573383452903087
1024,tokens_seen,best_val_mse,runs\sweep_gpu_scaling_XL\XL_V1024_B2x16_S20000_seed7,XL,7,655360000.0,1.2585944329500198,1.1591296198598084,0.09946481309021138,0.08232617311811388
1024,tokens_seen,best_val_mse,runs\sweep_smoke\XS_V1024_B4x4_S30_seed1,XS,1,491520.0,1.8712498393058776,1.6475963973785004,0.22365344192737724,0.1272890738864772
1024,tokens_seen,best_val_mse,runs\sweep_20250821_212937\XS_seed1,XS,1,61440000.0,1.0959216910998026,1.3012860637203638,-0.20536437262056118,-0.1717573189909152
1024,tokens_seen,best_val_mse,runs\sweep_gpu_scaling_XSSM\XS_V1024_B4x8_S20000_seed7,XS,7,655360000.0,1.1875597891807557,1.1591296198598084,0.02843016932094722,0.024231208668507087
1024,tokens_seen,best_val_mse,runs\sweep_gpu_census50k\XS_V1024_B4x8_S30000_seed7,XS,7,983040000.0,1.1605063696861266,1.136386983867439,0.024119385818687666,0.02100251835801492
1024,tokens_seen,best_val_mse,runs\sweep_gpu_scaling\XS_V1024_B8x8_S400_seed7,XS,7,26214400.0,1.5535826342446464,1.3565965462086733,0.19698608803597306,0.13558461713118863
1024,tokens_seen,best_val_mse,runs\bench_cpu_xs_300,XS,7,9830400.0,1.195007063448429,1.4232074812629985,-0.22820041781456935,-0.17476101780326112
1024,tokens_seen,best_val_mse,runs\demo_xs,XS,7,1966080000.0,1.1246779441833497,1.0985368220358944,0.02614112214745523,0.023517590267452315
1024,tokens_seen,best_val_mse,runs\smoke_xs,XS,7,204800.0,1.5281817049980164,1.719618588471638,-0.19143688347362153,-0.11802391478862018
1024,tokens_seen,best_val_mse,runs\cpu_parallel_xs_D10kV1024_S3000_seed11,XS,11,98304000.0,1.080743432044983,1.2717367876451613,-0.19099335560017838,-0.16273434822587216
1024,tokens_seen,best_val_mse,runs\cpu_seq_small_D10kV1024\XS_B32_S3000_seed12,XS,12,98304000.0,1.077970676124096,1.2717367876451613,-0.19376611152106538,-0.1653032455478776
1024,tokens_seen,best_val_mse,runs\cpu_seq_small_D10kV1024\XS_B32_S3000_seed13,XS,13,98304000.0,1.0983517430722713,1.2717367876451613,-0.17338504457288995,-0.1465728748850289
1024,tokens_seen,best_val_mse,runs\cpu_seq_small_D10kV1024\XXS_B64_S3000_seed21,XXS,21,196608000.0,1.41970993578434,1.2293784678977104,0.19033146788662947,0.14394384915307967
