run,run_name,data,size,seed,V,params,lr,batch_size,accum,eff_batch,steps_target,steps_completed,tokens_target,tokens_seen,n_history_rows,n_val_points,has_logged_gauss_nll,gauss_nll_source,best_step_mse,best_val_mse,best_step_mae,best_val_mae,best_step_gauss_nll,best_val_gauss_nll,val_mae_at_best_mse,val_gauss_nll_at_best_mse,final_step,final_val_mse,final_val_mae,final_val_gauss_nll
runs\tmp_patch_smoke,tmp_patch_smoke,,XXS,7,64,85,0.00025,16,1,16,-1,20,-1,20480,8,3,False,derived_from_best_mse,20,1.0388842225074768,20,0.7941374778747559,-1,1.4380121703298006,0.7941374778747559,1.4380121703298006,20,1.0388842225074768,0.7941374778747559,1.4380121703298006
runs\tmp_nll_smoke,tmp_nll_smoke,,XXS,7,128,149,0.00025,32,1,32,-1,8,-1,32768,8,3,True,history,4,1.0592331886291504,4,0.8246302604675293,4,1.4477112293243408,0.8246302604675293,1.4477112293243408,8,1.059490442276001,0.8247014284133911,1.4478325843811035
runs\sweep_gpu_census200k_60k_xxs\XXS_V512_B4x8_S60000_seed7,XXS_V512_B4x8_S60000_seed7,E:\Code\scalinglaws\scalinglaws\data\census_human.D200000.V512.log1p.h5ad,XXS,7,512,533,3.125e-05,4,8,32,60000,60000,983040000,983040000,362,61,False,derived_from_best_mse,60000,2.095893610429764,2000,0.5870522727251053,-1,1.7889285365985723,0.9434301993846893,1.7889285365985723,60000,2.095893610429764,0.9434301993846893,1.7889285365985723
runs\sweep_gpu_census200k_60k_xxs\XXS_V512_B4x8_S60000_seed8,XXS_V512_B4x8_S60000_seed8,E:\Code\scalinglaws\scalinglaws\data\census_human.D200000.V512.log1p.h5ad,XXS,8,512,533,3.125e-05,4,8,32,60000,60000,983040000,983040000,362,61,False,derived_from_best_mse,60000,2.0723664076685906,1000,0.5883394371062517,-1,1.7832841064252671,0.9402431493759156,1.7832841064252671,60000,2.0723664076685906,0.9402431493759156,1.7832841064252671
runs\sweep_gpu_census200k_60k_xxs\XXS_V512_B4x8_S60000_seed9,XXS_V512_B4x8_S60000_seed9,E:\Code\scalinglaws\scalinglaws\data\census_human.D200000.V512.log1p.h5ad,XXS,9,512,533,3.125e-05,4,8,32,60000,60000,983040000,983040000,362,61,False,derived_from_best_mse,60000,2.1351019425392153,1000,0.582091902127862,-1,1.7981957301059746,0.9578855152845382,1.7981957301059746,60000,2.1351019425392153,0.9578855152845382,1.7981957301059746
runs\sweep_gpu_census200k_60k_tinyL\TINY_V512_B4x8_S60000_seed7,TINY_V512_B4x8_S60000_seed7,E:\Code\scalinglaws\scalinglaws\data\census_human.D200000.V512.log1p.h5ad,TINY,7,512,9953,3.125e-05,4,8,32,60000,60000,983040000,983040000,362,61,False,derived_from_best_mse,59000,1.6076449878096581,53000,0.6859147311151028,-1,1.6563237170327862,0.701029513156414,1.6563237170327862,60000,1.6082778548300267,0.7060050385475158,1.656520508765519
runs\sweep_gpu_census200k_60k_tinyL\TINY_V512_B4x8_S60000_seed8,TINY_V512_B4x8_S60000_seed8,E:\Code\scalinglaws\scalinglaws\data\census_human.D200000.V512.log1p.h5ad,TINY,8,512,9953,3.125e-05,4,8,32,60000,60000,983040000,983040000,362,61,False,derived_from_best_mse,60000,1.6035126973748206,34000,0.6847445256173611,-1,1.6550368625332643,0.7065622047126293,1.6550368625332643,60000,1.6035126973748206,0.7065622047126293,1.6550368625332643
runs\sweep_gpu_census200k_60k_tinyL\TINY_V512_B4x8_S60000_seed9,TINY_V512_B4x8_S60000_seed9,E:\Code\scalinglaws\scalinglaws\data\census_human.D200000.V512.log1p.h5ad,TINY,9,512,9953,3.125e-05,4,8,32,60000,60000,983040000,983040000,362,61,False,derived_from_best_mse,60000,1.5886685754418373,35000,0.6861811631977558,-1,1.650386678956068,0.6912889267325402,1.650386678956068,60000,1.5886685754418373,0.6912889267325402,1.650386678956068
runs\sweep_gpu_census200k\XS_V512_B4x8_S30000_seed7,XS_V512_B4x8_S30000_seed7,E:\Code\scalinglaws\scalinglaws\data\census_human.D200000.V512.log1p.h5ad,XS,7,512,132993,3.125e-05,4,8,32,30000,30000,491520000,491520000,332,31,False,derived_from_best_mse,30000,1.577455768316984,29000,0.667705163103342,-1,1.64684517117386,0.6903393302321434,1.64684517117386,30000,1.577455768316984,0.6903393302321434,1.64684517117386
runs\sweep_gpu_census200k_60k_seeds\XS_V512_B4x8_S60000_seed7,XS_V512_B4x8_S60000_seed7,E:\Code\scalinglaws\scalinglaws\data\census_human.D200000.V512.log1p.h5ad,XS,7,512,132993,3.125e-05,4,8,32,60000,60000,983040000,983040000,362,61,False,derived_from_best_mse,60000,1.526984889882803,60000,0.6432405509352684,-1,1.6305860986503737,0.6432405509352684,1.6305860986503737,60000,1.526984889882803,0.6432405509352684,1.6305860986503737
runs\sweep_gpu_census200k_60k_seeds\XS_V512_B4x8_S60000_seed8,XS_V512_B4x8_S60000_seed8,E:\Code\scalinglaws\scalinglaws\data\census_human.D200000.V512.log1p.h5ad,XS,8,512,132993,3.125e-05,4,8,32,60000,60000,983040000,983040000,362,61,False,derived_from_best_mse,59000,1.5069818099617958,58000,0.6463702447474002,-1,1.6239929578085424,0.677936084407568,1.6239929578085424,60000,1.5115879911780357,0.6873000678539276,1.6255189072133556
runs\sweep_gpu_census200k_60k_seeds\XS_V512_B4x8_S60000_seed9,XS_V512_B4x8_S60000_seed9,E:\Code\scalinglaws\scalinglaws\data\census_human.D200000.V512.log1p.h5ad,XS,9,512,132993,3.125e-05,4,8,32,60000,60000,983040000,983040000,362,61,False,derived_from_best_mse,57000,1.509789845573902,58000,0.6325467138171196,-1,1.624923766216901,0.6694373017907143,1.624923766216901,60000,1.511601976442337,0.6417314399600029,1.6255235332092246
runs\sweep_gpu_census200k\S_V512_B4x8_S30000_seed7,S_V512_B4x8_S30000_seed7,E:\Code\scalinglaws\scalinglaws\data\census_human.D200000.V512.log1p.h5ad,S,7,512,859137,3.125e-05,4,8,32,30000,30000,491520000,491520000,332,31,False,derived_from_best_mse,30000,1.5178403814792634,29000,0.6467514207035303,-1,1.627582794656704,0.6651030291795731,1.627582794656704,30000,1.5178403814792634,0.6651030291795731,1.627582794656704
runs\sweep_gpu_census200k_60k_seeds\S_V512_B4x8_S60000_seed7,S_V512_B4x8_S60000_seed7,E:\Code\scalinglaws\scalinglaws\data\census_human.D200000.V512.log1p.h5ad,S,7,512,859137,3.125e-05,4,8,32,60000,60000,983040000,983040000,362,61,False,derived_from_best_mse,58000,1.4878523830831052,60000,0.6217227822005749,-1,1.6176053964909223,0.661843867173791,1.6176053964909223,60000,1.5237106776475906,0.6217227822005749,1.629512830793937
runs\sweep_gpu_census200k_60k_seeds\S_V512_B4x8_S60000_seed8,S_V512_B4x8_S60000_seed8,E:\Code\scalinglaws\scalinglaws\data\census_human.D200000.V512.log1p.h5ad,S,8,512,859137,3.125e-05,4,8,32,60000,60000,983040000,983040000,362,61,False,derived_from_best_mse,56000,1.4725025202214719,42000,0.623142606729269,-1,1.6124202072385516,0.6544445028185845,1.6124202072385516,60000,1.4749147688567639,0.6382712191402912,1.613238635352828
runs\sweep_gpu_census200k_60k_seeds\S_V512_B4x8_S60000_seed9,S_V512_B4x8_S60000_seed9,E:\Code\scalinglaws\scalinglaws\data\census_human.D200000.V512.log1p.h5ad,S,9,512,859137,3.125e-05,4,8,32,60000,60000,983040000,983040000,362,61,False,derived_from_best_mse,56000,1.4862976643323897,34000,0.6326355182766914,-1,1.6170826525581872,0.6404026761293411,1.6170826525581872,60000,1.4895223069131374,0.6498685009717942,1.6181662677882933
runs\sweep_gpu_census200k\M_V512_B4x8_S30000_seed7,M_V512_B4x8_S30000_seed7,E:\Code\scalinglaws\scalinglaws\data\census_human.D200000.V512.log1p.h5ad,M,7,512,19178497,3.125e-05,4,8,32,30000,30000,491520000,491520000,332,31,False,derived_from_best_mse,29000,1.5088278781294822,27000,0.6183830542445182,-1,1.624605088078417,0.6951912202477455,1.624605088078417,30000,1.5156743372917176,0.634445857912302,1.6268687567315667
runs\sweep_gpu_census200k_60k_seeds\M_V512_B4x8_S60000_seed7,M_V512_B4x8_S60000_seed7,E:\Code\scalinglaws\scalinglaws\data\census_human.D200000.V512.log1p.h5ad,M,7,512,19178497,3.125e-05,4,8,32,60000,60000,983040000,983040000,362,61,False,derived_from_best_mse,57000,1.4633804253578186,39000,0.6046264812409877,-1,1.6093130928242123,0.7016450500309467,1.6093130928242123,60000,1.478937835174799,0.7427776292085647,1.614600608797306
runs\sweep_gpu_census200k_60k_seeds\M_V512_B4x8_S60000_seed8,M_V512_B4x8_S60000_seed8,E:\Code\scalinglaws\scalinglaws\data\census_human.D200000.V512.log1p.h5ad,M,8,512,19178497,3.125e-05,4,8,32,60000,60000,983040000,983040000,362,61,False,derived_from_best_mse,54000,1.4631489332437515,57000,0.6010989939749241,-1,1.6092339915796376,0.6355691413789988,1.6092339915796376,60000,1.4839116414427758,0.7457299043595791,1.6162793342875774
runs\sweep_gpu_census200k_60k_seeds\M_V512_B4x8_S60000_seed9,M_V512_B4x8_S60000_seed9,E:\Code\scalinglaws\scalinglaws\data\census_human.D200000.V512.log1p.h5ad,M,9,512,19178497,3.125e-05,4,8,32,60000,60000,983040000,983040000,362,61,False,derived_from_best_mse,59000,1.4583411769390107,55000,0.6053926933616399,-1,1.607588338004407,0.6837176281511783,1.607588338004407,60000,1.4939110637784003,0.8009000165343284,1.6196373112089668
runs\sweep_gpu_census200k_60k_tinyL\L_V512_B4x8_S60000_seed7,L_V512_B4x8_S60000_seed7,E:\Code\scalinglaws\scalinglaws\data\census_human.D200000.V512.log1p.h5ad,L,7,512,100510801,3.125e-05,4,8,32,60000,60000,983040000,983040000,2,2,False,derived_from_best_mse,60000,1.468128463435173,60000,0.6739123621702194,-1,1.610932750962496,0.6739123621702194,1.610932750962496,60000,1.468128463435173,0.6739123621702194,1.610932750962496
runs\sweep_gpu_census200k_60k_tinyL\L_V512_B4x8_S60000_seed8,L_V512_B4x8_S60000_seed8,E:\Code\scalinglaws\scalinglaws\data\census_human.D200000.V512.log1p.h5ad,L,8,512,100510801,3.125e-05,4,8,32,60000,60000,983040000,983040000,103,18,False,derived_from_best_mse,54000,1.4761887468099595,52000,0.6387854981184006,-1,1.6136703308272744,0.6414596340894699,1.6136703308272744,60000,1.4899633034348487,0.686390306454897,1.6183142787481046
runs\sweep_gpu_census200k_60k_tinyL\L_V512_B4x8_S60000_seed9,L_V512_B4x8_S60000_seed9,E:\Code\scalinglaws\scalinglaws\data\census_human.D200000.V512.log1p.h5ad,L,9,512,100510801,3.125e-05,4,8,32,60000,60000,983040000,983040000,365,61,False,derived_from_best_mse,53000,1.4851830107688904,38000,0.602743925049901,-1,1.616707535322823,0.6251141607999802,1.616707535322823,60000,1.5360471894919872,0.6250419990301133,1.6335447114942088
runs\cpu_seq_small_D10kV1024\XXS_B64_S3000_seed21,XXS_B64_S3000_seed21,E:\Code\scalinglaws\scalinglaws\data\census_subset.D10000.V1024.log1p.h5ad,XXS,21,1024,1045,0.00025,64,1,64,3000,3000,196608000,196608000,44,13,False,derived_from_best_mse,3000,1.41970993578434,250,0.6582560017704964,-1,1.5941648232910155,0.7534438818693161,1.5941648232910155,3000,1.41970993578434,0.7534438818693161,1.5941648232910155
runs\sweep_smoke\XS_V1024_B4x4_S30_seed1,XS_V1024_B4x4_S30_seed1,E:\Code\scalinglaws\scalinglaws\data\census_subset.D10000.V1024.log1p.h5ad,XS,1,1024,165761,1.5625e-05,4,4,16,30,30,491520,491520,8,4,False,derived_from_best_mse,30,1.8712498393058776,30,0.7993230757713318,-1,1.7322418186428803,0.7993230757713318,1.7322418186428803,30,1.8712498393058776,0.7993230757713318,1.7322418186428803
runs\sweep_20250821_212937\XS_seed1,XS_seed1,,XS,1,1024,165761,0.00025,4,1,4,-1,15000,-1,61440000,3002,1501,False,derived_from_best_mse,14570,1.0959216910998026,12690,0.5149497655630112,-1,1.4647364013280293,0.5759687512715658,1.4647364013280293,15000,1.0986017099221548,0.5522659951845805,1.4659576323950736
runs\sweep_gpu_scaling_XSSM\XS_V1024_B4x8_S20000_seed7,XS_V1024_B4x8_S20000_seed7,E:\Code\scalinglaws\scalinglaws\data\census_subset.D10000.V1024.log1p.h5ad,XS,7,1024,165761,3.125e-05,4,8,32,20000,20000,655360000,655360000,112,11,False,derived_from_best_mse,20000,1.1875597891807557,12000,0.6009297544956207,-1,1.5048888354261707,0.6366298968791961,1.5048888354261707,20000,1.1875597891807557,0.6366298968791961,1.5048888354261707
runs\sweep_gpu_census50k\XS_V1024_B4x8_S30000_seed7,XS_V1024_B4x8_S30000_seed7,E:\Code\scalinglaws\scalinglaws\data\census_subset.D50000.V1024.log1p.h5ad,XS,7,1024,165761,3.125e-05,4,8,32,30000,30000,983040000,983040000,332,31,False,derived_from_best_mse,30000,1.1605063696861266,8000,0.5831694782733917,-1,1.4933667509347646,0.5956281381607056,1.4933667509347646,30000,1.1605063696861266,0.5956281381607056,1.4933667509347646
runs\sweep_gpu_scaling\XS_V1024_B8x8_S400_seed7,XS_V1024_B8x8_S400_seed7,E:\Code\scalinglaws\scalinglaws\data\census_subset.D10000.V1024.log1p.h5ad,XS,7,1024,165761,6.25e-05,8,8,64,400,400,26214400,26214400,17,6,False,derived_from_best_mse,320,1.5535826342446464,80,0.7890919957842145,-1,1.639220353574948,0.7977730480451433,1.639220353574948,400,1.556727715900966,0.8591643382632543,1.640231533288286
runs\bench_cpu_xs,bench_cpu_xs,,XS,7,1024,165761,0.00025,32,1,32,-1,150,-1,4915200,11,4,False,derived_from_best_mse,150,1.2189636304974556,100,0.6397237069904804,-1,1.517939040470193,0.6666031703352928,1.517939040470193,150,1.2189636304974556,0.6666031703352928,1.517939040470193
runs\bench_cpu_xs_300,bench_cpu_xs_300,,XS,7,1024,165761,0.00025,32,1,32,-1,300,-1,9830400,17,6,False,derived_from_best_mse,300,1.195007063448429,120,0.5578539073467255,-1,1.508014581305428,0.6405991613864899,1.508014581305428,300,1.195007063448429,0.6405991613864899,1.508014581305428
runs\bench_gpu_xs,bench_gpu_xs,,XS,7,1024,165761,0.00025,32,1,32,-1,150,-1,4915200,11,4,False,derived_from_best_mse,150,1.227893814444542,150,0.6219205223023891,-1,1.521588711036744,0.6219205223023891,1.521588711036744,150,1.227893814444542,0.6219205223023891,1.521588711036744
runs\bench_gpu_xs_300,bench_gpu_xs_300,,XS,7,1024,165761,0.00025,32,1,32,-1,300,-1,9830400,17,6,False,derived_from_best_mse,300,1.2120021060109138,120,0.5718276314437389,-1,1.5150753458438628,0.5941910855472088,1.5150753458438628,300,1.2120021060109138,0.5941910855472088,1.5150753458438628
runs\demo_xs,demo_xs,,XS,7,1024,165761,0.00025,4,32,128,-1,15000,-1,1966080000,3002,1501,False,derived_from_best_mse,14920,1.1246779441833497,14880,0.5491669343312582,-1,1.477686894622551,0.5814880062739054,1.477686894622551,15000,1.1306457343101501,0.6492489749590555,1.4803329911062528
runs\quick_gpu_xs,quick_gpu_xs,,XS,7,1024,165761,0.00025,32,1,32,-1,200,-1,6553600,22,11,False,derived_from_best_mse,200,1.2030946798622608,120,0.549567848443985,-1,1.5113871017161788,0.6180672626942396,1.5113871017161788,200,1.2030946798622608,0.6180672626942396,1.5113871017161788
runs\quick_gpu_xs_100,quick_gpu_xs_100,,XS,7,1024,165761,0.00025,32,1,32,-1,100,-1,3276800,12,6,False,derived_from_best_mse,100,1.2273444011807442,100,0.6393141560256481,-1,1.5213649391560884,0.6393141560256481,1.5213649391560884,100,1.2273444011807442,0.6393141560256481,1.5213649391560884
runs\smoke_xs,smoke_xs,,XS,7,1024,165761,0.00025,4,1,4,-1,50,-1,204800,22,11,False,derived_from_best_mse,50,1.5281817049980164,10,0.6456352586746216,-1,1.6309778334835703,0.8504020347595215,1.6309778334835703,50,1.5281817049980164,0.8504020347595215,1.6309778334835703
runs\cpu_parallel_xs_D10kV1024_S3000_seed11,cpu_parallel_xs_D10kV1024_S3000_seed11,,XS,11,1024,165761,0.00025,32,1,32,-1,3000,-1,98304000,44,13,False,derived_from_best_mse,3000,1.080743432044983,3000,0.5529994070529938,-1,1.457763116868472,0.5529994070529938,1.457763116868472,3000,1.080743432044983,0.5529994070529938,1.457763116868472
runs\cpu_seq_small_D10kV1024\XS_B32_S3000_seed12,XS_B32_S3000_seed12,E:\Code\scalinglaws\scalinglaws\data\census_subset.D10000.V1024.log1p.h5ad,XS,12,1024,165761,0.00025,32,1,32,3000,3000,98304000,98304000,44,13,False,derived_from_best_mse,3000,1.077970676124096,1500,0.5488141141831875,-1,1.456478668207469,0.5898733306676149,1.456478668207469,3000,1.077970676124096,0.5898733306676149,1.456478668207469
runs\cpu_seq_small_D10kV1024\XS_B32_S3000_seed13,XS_B32_S3000_seed13,E:\Code\scalinglaws\scalinglaws\data\census_subset.D10000.V1024.log1p.h5ad,XS,13,1024,165761,0.00025,32,1,32,3000,3000,98304000,98304000,44,13,False,derived_from_best_mse,3000,1.0983517430722713,3000,0.5528043303638697,-1,1.4658438535388936,0.5528043303638697,1.4658438535388936,3000,1.0983517430722713,0.5528043303638697,1.4658438535388936
runs\sweep_smoke\S_V1024_B4x4_S30_seed1,S_V1024_B4x4_S30_seed1,E:\Code\scalinglaws\scalinglaws\data\census_subset.D10000.V1024.log1p.h5ad,S,1,1024,924673,1.5625e-05,4,4,16,30,30,491520,491520,8,4,False,derived_from_best_mse,30,1.906025616645813,30,1.1304660811424256,-1,1.7414486557770448,1.1304660811424256,1.7414486557770448,30,1.906025616645813,1.1304660811424256,1.7414486557770448
runs\sweep_gpu_scaling_XSSM\S_V1024_B4x8_S20000_seed7,S_V1024_B4x8_S20000_seed7,E:\Code\scalinglaws\scalinglaws\data\census_subset.D10000.V1024.log1p.h5ad,S,7,1024,924673,3.125e-05,4,8,32,20000,20000,655360000,655360000,112,11,False,derived_from_best_mse,20000,1.1916117253303529,8000,0.5958089892864227,-1,1.5065919241032353,0.6112405822277069,1.5065919241032353,20000,1.1916117253303529,0.6112405822277069,1.5065919241032353
runs\sweep_gpu_census50k\S_V1024_B4x8_S30000_seed7,S_V1024_B4x8_S30000_seed7,E:\Code\scalinglaws\scalinglaws\data\census_subset.D50000.V1024.log1p.h5ad,S,7,1024,924673,3.125e-05,4,8,32,30000,30000,983040000,983040000,332,31,False,derived_from_best_mse,30000,1.1285268701553344,24000,0.5500324320316314,-1,1.4793950969533625,0.5768051298856736,1.4793950969533625,30000,1.1285268701553344,0.5768051298856736,1.4793950969533625
runs\sweep_gpu_long_S\S_V1024_B4x8_S60000_seed7,S_V1024_B4x8_S60000_seed7,E:\Code\scalinglaws\scalinglaws\data\census_subset.D10000.V1024.log1p.h5ad,S,7,1024,924673,3.125e-05,4,8,32,60000,60000,1966080000,1966080000,332,31,False,derived_from_best_mse,58000,1.1402008805274964,36000,0.5650961129665375,-1,1.4845407621407243,0.6226713206768036,1.4845407621407243,60000,1.1404977536201477,0.5776313269138336,1.484670929752474
runs\sweep_gpu_scaling\S_V1024_B8x8_S400_seed7,S_V1024_B8x8_S400_seed7,E:\Code\scalinglaws\scalinglaws\data\census_subset.D10000.V1024.log1p.h5ad,S,7,1024,924673,6.25e-05,8,8,64,400,400,26214400,26214400,17,6,False,derived_from_best_mse,320,1.5877491254655143,240,0.6953492235569727,-1,1.6500972176545081,0.9039682736472477,1.6500972176545081,400,1.627389362880162,0.9687679646507142,1.662427089701033
runs\sweep_gpu_scaling_XSSM\M_V1024_B4x8_S20000_seed7,M_V1024_B4x8_S20000_seed7,E:\Code\scalinglaws\scalinglaws\data\census_subset.D10000.V1024.log1p.h5ad,M,7,1024,19440641,3.125e-05,4,8,32,20000,20000,655360000,655360000,112,11,False,derived_from_best_mse,16000,1.2079644384384156,20000,0.561504352092743,-1,1.513406863554928,0.6288298106193543,1.513406863554928,20000,1.2178315224647522,0.561504352092743,1.517474451514991
runs\sweep_gpu_census50k\M_V1024_B4x8_S30000_seed7,M_V1024_B4x8_S30000_seed7,E:\Code\scalinglaws\scalinglaws\data\census_subset.D50000.V1024.log1p.h5ad,M,7,1024,19440641,3.125e-05,4,8,32,30000,30000,983040000,983040000,100,10,False,derived_from_best_mse,30000,1.1016968525886535,27000,0.5494100843429566,-1,1.4673643254506321,0.5538703483104706,1.4673643254506321,30000,1.1016968525886535,0.5538703483104706,1.4673643254506321
runs\sweep_gpu_long_M\M_V1024_B4x8_S40000_seed7,M_V1024_B4x8_S40000_seed7,E:\Code\scalinglaws\scalinglaws\data\census_subset.D10000.V1024.log1p.h5ad,M,7,1024,19440641,3.125e-05,4,8,32,40000,40000,1310720000,1310720000,222,21,False,derived_from_best_mse,40000,1.1652829551696777,20000,0.561504352092743,-1,1.4954205019552078,0.5780633962154389,1.4954205019552078,40000,1.1652829551696777,0.5780633962154389,1.4954205019552078
runs\sweep_gpu_scaling_L\L_V1024_B4x8_S20000_seed7,L_V1024_B4x8_S20000_seed7,E:\Code\scalinglaws\scalinglaws\data\census_subset.D10000.V1024.log1p.h5ad,L,7,1024,101033041,3.125e-05,4,8,32,20000,20000,655360000,655360000,112,11,False,derived_from_best_mse,20000,1.2061511988639833,6000,0.5548632910251617,-1,1.51265576452413,0.7137250645160675,1.51265576452413,20000,1.2061511988639833,0.7137250645160675,1.51265576452413
runs\sweep_gpu_scaling_XL\XL_V1024_B2x16_S20000_seed7,XL_V1024_B2x16_S20000_seed7,E:\Code\scalinglaws\scalinglaws\data\census_subset.D10000.V1024.log1p.h5ad,XL,7,1024,341557249,3.125e-05,2,16,32,20000,20000,655360000,655360000,112,11,False,derived_from_best_mse,16000,1.2585944329500198,16000,0.6190887348651886,-1,1.5339363176509742,0.6190887348651886,1.5339363176509742,20000,1.4325698430538178,0.6761305809020997,1.5986734954430384
